"trade_date","open","high","low","close","vol"
"20171229","718","726.5","691.6","697.49","76038.87"
"20171228","687","719.9","671.32","718.69","124141.07"
"20171227","684.86","684.86","662.5","664.18","37722.05"
"20171226","688.18","692.99","676.5","680.81","31867.66"
"20171225","686","696.3","683.72","688.12","36214.28"
"20171222","680","685.9","677.01","682.92","28317.01"
"20171221","683","687.42","675.5","681.74","46680.38"
"20171220","669.9","686.86","664.03","684.91","63601.31"
"20171219","663","672.44","661","667.09","44072.21"
"20171218","660","669.8","658.58","665.77","39162.28"
"20171215","664","667.95","650.78","653.79","32255.95"
"20171214","669.98","671.3","660.5","664.55","31967.94"
"20171213","654.99","670","650.72","668.21","48502.48"
"20171212","658.7","658.77","651.02","651.32","47889.31"
"20171211","631","651.95","631","650.99","72849.17"
"20171208","615.42","628.85","615.42","627.28","45503.39"
"20171207","624.95","624.99","615.26","616.69","51032.62"
"20171206","631.5","644.1","620","625.01","58174.09"
"20171205","634","647.4","630.13","632.96","47465.76"
"20171204","623.95","644.1","616.72","637.79","54267.71"
"20171201","638.01","638.99","620.13","622.35","47192.74"
"20171130","635.51","648.48","626","631","38019.62"
"20171129","649.94","651.97","634.01","638.12","46763.72"
"20171128","625.06","648.88","624","648.23","70291.83"
"20171127","634","636.33","613.01","621.29","63548.46"
"20171124","635.9","642.5","622.23","630.04","76541.94"
"20171123","642","646","630.22","633.73","109599.13"
"20171122","677","688","650","650.52","128498.26"
"20171121","669","688.8","662.02","677.25","96016.51"
"20171120","676.8","685.6","660","679.15","88305.82"
"20171117","696","709","677.77","690.25","123861.24"
"20171116","686.01","719.96","686.01","719.11","60716.32"
"20171115","678.75","689.99","674","688.08","45036.33"
"20171114","687.14","687.22","677.35","678.75","46366.71"
"20171113","680","692.78","675.8","687.88","49869.84"
"20171110","650.43","683.4","650.43","677.95","74078.6"
"20171109","648","654.15","644.61","650.07","33641.13"
"20171108","642.33","654.5","642.33","650.38","43951.94"
"20171107","650.58","657.15","638.18","642.07","55564.85"
"20171106","641.5","657.62","640.2","653.06","48513.98"
"20171103","628.65","643.44","628.65","639.17","48188.97"
"20171102","626.95","629.78","621","626.92","34249.73"
"20171101","620.88","631.54","619.22","623.01","43435.25"
"20171031","622.01","627.6","611.88","618.03","51875.68"
"20171030","643.05","644","621","622.08","81007.86"
"20171027","602.11","655","600.03","649.63","84383.79"
"20171026","605","613","591.91","605.09","115434.97"
"20171025","569.75","571.68","562.06","565.67","25076"
"20171024","572","573.8","563.61","567.33","31274.28"
"20171023","574.92","580.5","568","573.41","23771.82"
"20171020","581","581","571.76","574.33","31534.33"
"20171019","561","585.15","560.72","582.6","40658.82"
"20171018","554.2","562.59","554.2","560.72","19178.65"
"20171017","560.97","560.97","554","556.73","20977.12"
"20171016","559.99","566.66","555.87","560.69","29909.01"
"20171013","545","556.6","542.01","556.15","27858.42"
"20171012","545","547.5","540.18","544.09","19646.22"
"20171011","538.1","551.25","538.1","545.54","33406.43"
"20171010","527.05","540.49","527.01","540.06","31006.44"
"20171009","524.54","535.55","520.1","527.77","34891.29"
"20170929","516","525.88","515.5","517.64","22436.22"
"20170928","507.2","520.2","507.15","518.46","25969.85"
"20170927","508.92","511.03","506.07","508.21","16671.11"
"20170926","506.69","510","503.6","509.29","25470.49"
"20170925","500.31","508.2","500.3","507.24","32697.56"
"20170922","496.9","500.18","495.8","499.93","16343.53"
"20170921","495.94","500.58","492.88","498.77","19402.68"
"20170920","496.9","500.02","496","496.2","17318.16"
"20170919","500.3","502.5","496.01","496.95","23054.81"
"20170918","490.14","500.5","490.14","498.97","42206.81"
"20170915","492.5","492.5","488","489.84","16039.46"
"20170914","492.99","494.03","488.99","490.71","19399.49"
"20170913","485","492.2","481.38","491.63","33075.7"
"20170912","479.5","486","478.4","484.91","34341.63"
"20170911","471.09","482.22","469.98","478.32","45374.4"
"20170908","478.25","480.5","474","474.37","41173.27"
"20170907","485.31","486.9","480.06","481.27","33320.16"
"20170906","490","492.77","484.84","484.98","33006.5"
"20170905","492.88","493.99","489.5","489.99","22622.15"
"20170904","495.18","496.66","491.27","492.42","18931.62"
"20170901","490.2","496.28","490.03","495.18","31451"
"20170831","494.04","494.88","489.8","491.15","18736.86"
"20170830","489.7","493.75","489.16","492.97","18503.64"
"20170829","493.02","494.88","488.01","489.44","25176.62"
"20170828","493","497.29","491.03","492.04","29021.07"
"20170825","493.45","494.25","489.32","492.99","17297.88"
"20170824","493.99","496.4","492.02","492.81","18156.78"
"20170823","485.45","494.63","484.32","494.01","27214.99"
"20170822","487.4","489.48","476","487.22","42457.03"
"20170821","488","494.4","486.94","489.73","23546.62"
"20170818","492.8","494.44","488","489.65","23857.75"
"20170817","497.6","497.6","489.8","492.69","25846.73"
"20170816","498","498.8","493","496.49","18587.22"
"20170815","500.11","501.1","495.01","495.97","27163.22"
"20170814","485.21","500.1","485.21","499.83","39331.47"
"20170811","489","496.55","483.48","484.06","36572.57"
"20170810","491.09","499.6","489","491.63","35364.38"
"20170809","484.84","492.98","482.03","490.85","41794.47"
"20170808","482","484.22","479.5","482.58","16051.58"
"20170807","472.5","482.4","471.13","481.56","23099.37"
"20170804","477","478.98","472.6","473.64","18681.14"
"20170803","483.68","486.85","475.63","477.22","31768.39"
"20170802","480.04","484.88","478.51","482.84","26774.22"
"20170801","481","483","477.4","480.24","27501.54"
"20170731","484","487.96","481","481.22","38412.18"
"20170728","471","484.07","467.71","483.92","46618.77"
"20170727","471.63","475.85","471.1","473.87","19595.03"
"20170726","478.05","481.63","466.56","471.63","31470.18"
"20170725","482.2","482.8","476.1","477.96","21929.99"
"20170724","474.88","485.35","474.88","477.8","42716.43"
"20170721","466.96","475.01","463.66","473.2","46792.41"
"20170720","455.86","466.89","455.86","466.47","46634.87"
"20170719","454","463.62","452.8","456.86","56259.94"
"20170718","451.99","453.99","448","452.55","30684.49"
"20170717","457.04","458.04","446.28","450.07","35263.68"
"20170714","456.25","458.76","453.05","456.41","17726.57"
"20170713","455.35","461.91","453.68","456.16","25951.35"
"20170712","465.8","465.99","455","457.47","28950.72"
"20170711","454.5","464.58","454","463.13","44601.82"
"20170710","446.88","454.9","442.97","454.47","36624.09"
"20170707","451.05","451.1","441.2","445.97","37796.47"
"20170706","458.11","460.2","450.6","455.98","42044.39"
"20170705","453.01","460.33","453.01","460.13","37540.32"
"20170704","458.96","460","449","451.92","56488.95"
"20170703","474.2","474.2","457.9","460.37","49628.53"
"20170630","471.51","474.16","467.8","471.85","22427.17"
"20170629","476.3","477.35","470","473.01","35092.72"
"20170628","484.09","484.09","473","475.3","37728.74"
"20170627","482.82","485","480.85","484.1","27980.78"
"20170626","473.01","485","472","484.68","52932.57"
"20170623","472.86","474.88","468.33","472.73","31303.62"
"20170622","473.02","477.93","471.2","472.75","38242.34"
"20170621","469.55","473","466.03","472.71","42038.54"
"20170620","473","474.88","465.66","466.3","34505.39"
"20170619","461.96","470.39","461.96","470.17","38536.68"
"20170616","461.5","467.49","461.26","462.63","33331.8"
"20170615","475","475.48","464","464.3","50202.8"
"20170614","472.79","477.5","470.48","474.39","33768.63"
"20170613","473.05","474.5","467","473.04","24237.98"
"20170612","467","475.44","465","472.88","35109.16"
"20170609","464.24","470.8","463","465.74","31430.76"
"20170608","461.32","464.4","458.5","464.31","28951.11"
"20170607","449.12","460","449.12","459.37","38834.3"
"20170606","444.97","449","444.2","448.82","20402.44"
"20170605","448.04","449","442.35","444.41","19241.2"
"20170602","450","450.95","445.6","447.31","21785.26"
"20170601","442.5","449.95","441.01","449.28","40604.78"
"20170531","450","450.5","440.11","442.94","44312.25"
"20170526","450.82","455.6","448","451.92","27386.64"
"20170525","448.71","452.96","447.5","450.6","28898.42"
"20170524","452.9","456.48","446","450.32","40226.18"
"20170523","442.25","454.47","442.25","454.2","48454.39"
"20170522","439.04","446.01","436.2","441.78","35321.49"
"20170519","429.57","441.8","429.57","440.82","38310.83"
"20170518","425.05","430.7","425.01","429.54","24300.8"
"20170517","429","430.19","424.88","426.6","27515.21"
"20170516","419.6","431.22","418.26","430.12","50164.9"
"20170515","413.12","420.35","413.12","419.55","33447.35"
"20170512","413.59","415.3","410.01","413.47","22337.42"
"20170511","408.4","414.7","406.51","412.16","30467.64"
"20170510","408.4","414.44","407.02","410.09","26039.38"
"20170509","404.44","409.88","398","408.76","52801.92"
"20170508","416.18","417","404.72","405.48","40721.65"
"20170505","416.2","422.78","415.1","416.19","37437.11"
"20170504","414.63","418.48","414.63","416","26709.15"
"20170503","411","417.66","411","417.61","20267.91"
"20170502","411.6","415","409.18","412.08","23291.68"
"20170428","421.99","423","409.9","413.48","49505.87"
"20170427","415.53","421.97","410.43","421.44","28240.71"
"20170426","418.85","428.68","413.01","417.96","56624.12"
"20170425","404.8","420.17","404.8","418.89","76192.71"
"20170424","400.62","405","389","398.55","50037.97"
"20170421","415","415.6","400","400.53","49332.92"
"20170420","406.09","420.43","406.09","415.31","50457.68"
"20170419","403","409.1","402.86","405.74","37550.11"
"20170418","394.6","406.55","394.6","404.65","49581"
"20170417","391","398.28","388.55","395.79","28793.71"
"20170414","399.43","399.88","395","395.45","23646.56"
"20170413","390.78","398.59","390.51","398.39","45648.35"
"20170412","385.29","391","384.8","390.23","27002.91"
"20170411","388.05","390.7","380.6","385.29","43530.72"
"20170410","394","394","388","389.2","28869.48"
"20170407","392.99","394","389.6","392.87","24097.23"
"20170406","389.01","393","386.63","391.91","28857.2"
"20170405","385.66","394.99","385","389.66","40789.98"
"20170331","386.2","388","384.18","386.36","24474.22"
"20170330","383","386.89","382.6","386.14","31612.99"
"20170329","381.01","385.8","379.9","383.65","37299.67"
"20170328","379.95","381.15","376.66","380.26","41187.17"
"20170327","386.03","389.26","378.39","378.82","53690.28"
"20170324","392.32","393.22","385","386.82","33287.72"
"20170323","392.03","393.99","386.6","389.79","34504.81"
"20170322","390.53","394.6","385","394.48","45532.71"
"20170321","386.55","396.5","386.5","394.01","48460.96"
"20170320","380.5","386.71","378.88","386.41","31545.94"
"20170317","373.1","384.45","373.1","378.48","34700.26"
"20170316","376.56","378.3","372.8","374.77","25022.6"
"20170315","369.5","375.15","369.01","374.68","25155.26"
"20170314","371.55","373.85","368.34","369.5","20416.49"
"20170313","370.05","374.33","367.53","371.55","27674.32"
"20170310","369.92","377","368.36","369.85","40951.05"
"20170309","367","369.98","365.56","369.9","23406.06"
"20170308","367.18","368.49","365.5","367.28","16037.7"
"20170307","358.03","368.88","358.03","367.2","46286.98"
"20170306","357.66","359.54","356.55","358.96","22818.84"
"20170303","355","358.22","355","356.54","14153.55"
"20170302","356.71","357","354.53","356.82","22103.62"
"20170301","355.1","358.2","355","356.61","21944.2"
"20170228","357","359.2","353.58","354.66","27473.51"
"20170227","362.49","362.85","356.8","357.2","25400.46"
"20170224","362","362.89","360.05","362.62","17692.78"
"20170223","360.97","365.48","359.76","361.7","23328.06"
"20170222","360.61","366.52","360","361.89","37130.31"
"20170221","361.88","362.43","357.18","358.74","27705.77"
"20170220","350.41","362.32","350.01","361.29","61853.4"
"20170217","348.9","354.44","347.5","350.56","29102.34"
"20170216","348.5","348.62","345.51","348.09","17642.3"
"20170215","351.5","352.44","347.2","348.53","26256.96"
"20170214","349.54","352.6","349.1","350.21","26558.68"
"20170213","344","351.9","341.92","349.75","53587.9"
"20170210","348.62","349.82","345","345.08","24056.59"
"20170209","345","348.79","344.61","347.61","23324.38"
"20170208","343.76","345.5","342.67","344.21","19088.54"
"20170207","346.84","347.4","343.14","343.58","20519.83"
"20170206","348.49","348.89","344.96","346.85","15680.79"
"20170203","346","349.18","345","346.85","20936.43"
"20170126","348.14","348.8","341.3","344.42","37826.17"
"20170125","349.98","349.98","346.2","347.63","22990.36"
"20170124","351.27","352.8","346.75","350.31","26914.58"
"20170123","356.88","359.8","349.46","351.22","32581.18"
"20170120","354.9","357.4","353.03","354.99","21344.17"
"20170119","355","358.48","351.7","354.72","28523.92"
"20170118","348.88","356.77","347.21","355.08","46005.7"
"20170117","342.6","351.5","342","349.13","35188.38"
"20170116","344.13","344.8","338.8","341.47","36855.45"
"20170113","346.98","347.39","343.88","344.87","18282.48"
"20170112","346.55","347.4","344.51","347.05","17779.4"
"20170111","348","348","343.5","345.45","23598.51"
"20170110","348.45","352","346.6","349","31727.64"
"20170109","347.8","352.88","346.54","348.51","35405"
"20170106","346.64","359.78","346.1","350.76","68095.62"
"20170105","350","351.45","345.44","346.74","41704.48"
"20170104","334.62","352.17","334.6","351.91","65257.38"
"20170103","334.28","337","332.81","334.56","20763.89"
"20161230","326.61","335.29","326.61","334.15","34687.67"
"20161229","324","327.87","323","327.31","21225.12"
"20161228","326.99","328","323.33","323.72","17878.11"
"20161227","324.51","328.8","323.5","326.16","20062.29"
"20161226","319.03","324.99","316.2","324.48","26001.43"
"20161223","323.55","324.5","319.13","320.03","31095.55"
"20161222","328","328.46","324.88","325.2","14678.13"
"20161221","326.9","329.29","323.56","328.66","24711.24"
"20161220","326.04","327","321.81","326.48","30831.59"
"20161219","326","334.37","325.61","325.96","30471.87"
"20161216","327","329.88","323.58","327.58","25051.26"
"20161215","332.46","332.99","325.58","328.05","39202.75"
"20161214","333","334.07","328.5","332.27","32029.02"
"20161213","326.84","335","325.5","333.01","41780"
"20161212","337.7","340","325.7","326.86","50332.44"
"20161209","337.2","339.42","334.02","337.76","34495.59"
"20161208","328.01","340","327","337.71","54475.78"
"20161207","327.12","328.5","323.97","327.45","25271.74"
"20161206","316.23","326.58","316.23","326.42","38923.09"
"20161205","319.2","324.54","315.82","315.93","42060.81"
"20161202","321","323.2","319","321.77","30628.33"
"20161201","320","324.59","318.68","321.02","27941.82"
"20161130","321.22","323.3","318.45","319.08","26752.37"
"20161129","320.7","330.45","319.41","323.96","58830.62"
"20161128","317.55","320.18","316.6","319.5","49253.01"
"20161125","317.04","318","313.42","316.89","22369.67"
"20161124","313.2","317","311.42","316.93","39078.7"
"20161123","311","313","309.11","312.95","34015.04"
"20161122","310.3","310.45","308.37","308.87","26424.27"
"20161121","311.02","311.66","308.37","309.5","26083.84"
"20161118","311.16","311.8","309.88","310","19377.69"
"20161117","312.08","313","310.53","311.04","18337.76"
"20161116","313.81","315.4","312","313.15","13399.81"
"20161115","310.03","315.65","310.03","314.01","24470.55"
"20161114","315.55","315.87","309.99","310.99","39920.49"
"20161111","317.99","318.3","314.8","315.08","35902.65"
"20161110","319.1","321","317.73","319.13","17804.96"
"20161109","320","321.97","313.8","316.81","30004.49"
"20161108","316.5","322.18","315.68","320","34193.83"
"20161107","315","317","313.2","315.33","16047.8"
"20161104","315.99","318.25","313.98","314.82","20619.27"
"20161103","315","316.46","314.15","315.86","18690.81"
"20161102","316.09","317.16","313.68","315.18","20636.42"
"20161101","317.95","319","315.55","316.68","19512.39"
"20161031","319","322.8","316.8","317.95","43596.1"
"20161028","317.5","318.43","314","317.05","20137.33"
"20161027","312.99","318.22","311.01","316.87","32951.62"
"20161026","313","318.31","311.65","313.68","46813.07"
"20161025","307.39","313","307.39","312.94","43762.39"
"20161024","302.6","307","302.6","306.93","26246.52"
"20161021","305.08","305.48","302.59","304.19","11483.32"
"20161020","307.39","307.39","304.8","305.48","14079.92"
"20161019","308.5","308.75","305.1","306.45","14123.28"
"20161018","302.5","308.5","302","307.16","30389.31"
"20161017","305.45","305.5","301.5","302.45","18957.03"
"20161014","303.47","306","303.2","305.6","12690.92"
"20161013","306.8","306.94","303.51","303.89","16143.98"
"20161012","308.5","308.5","304.9","305.82","19286.02"
"20161011","304","309","303","308.92","41736.75"
"20161010","298.51","303.86","298.51","302.96","21103.62"
"20160930","290","299.63","290","297.91","29603.5"
"20160929","287.85","293","287.85","290.98","23705.69"
"20160928","291.79","291.79","287.56","288.41","22360.01"
"20160927","288.88","291.98","288.76","291.17","17915.82"
"20160926","297","297.01","288.55","288.73","37176.08"
"20160923","297.02","298.95","295.4","297.68","12671.9"
"20160922","294.3","299.98","294.01","296.98","29606.17"
"20160921","295.06","295.39","289.11","294.05","39037.23"
"20160920","300.78","300.8","294","294.96","34892.6"
"20160919","300.05","301.57","299.88","300.13","12852.1"
"20160914","300.1","302.2","298.01","299.57","18527.65"
"20160913","299.95","300.97","299.3","300.43","16255.88"
"20160912","302","304","297.77","298.06","38238.81"
"20160909","306.65","306.86","304","304.63","16222.51"
"20160908","305.21","306.5","304.41","305.82","16705.78"
"20160907","309.68","309.68","305.5","306.6","29645.15"
"20160906","308.5","310.36","308.35","309.94","20625.83"
"20160905","306.2","309","305.81","308.5","19138.7"
"20160902","308","309.45","304.88","305.78","18572.24"
"20160901","309.7","312","308.25","308.71","17185.97"
"20160831","306.7","310.76","305.54","310.19","40401.44"
"20160830","307","308.5","304.67","305.86","21170.52"
"20160829","308","308.8","305.2","307.53","38055.57"
"20160826","303.14","304.55","300.4","301.45","21436.45"
"20160825","305.2","305.38","300.07","303.01","25362.58"
"20160824","307.02","307.49","303.83","305.28","22779.42"
"20160823","307.33","309.04","305.8","306.88","19914.26"
"20160822","306.13","309.58","306","307.32","20812.7"
"20160819","305.8","307.45","304.8","306.48","19140.91"
"20160818","307.95","309.65","305.13","306.43","31005.99"
"20160817","309.6","310.97","306.5","308.16","43754.06"
"20160816","322","322.48","308","309.52","88378.69"
"20160815","315.8","321.69","314.15","318.78","34110.13"
"20160812","317.4","317.4","314.01","316.97","23352.83"
"20160811","314.38","321.57","314.01","316.77","31939.72"
"20160810","315.05","316.5","313.33","313.81","20944.71"
"20160809","308.17","317.67","306.42","315.75","39289.67"
"20160808","306.15","308.3","303.06","308.1","22007.4"
"20160805","306.49","308.37","305.03","305.93","20308.48"
"20160804","306.85","308.33","304.22","306.3","21793.64"
"20160803","307","307.9","304.15","306.82","24039.07"
"20160802","307.25","310.5","302.85","306.21","26541.42"
"20160801","313","313.95","305","306.96","31701.85"
"20160729","315.08","318.88","313","313.15","29007.37"
"20160728","312","319.3","311.5","316.05","39643.99"
"20160727","319.85","320.6","308.3","314.01","39228.06"
"20160726","309.01","319.5","308.5","319.04","35555.67"
"20160725","307.6","314.19","307","311.26","23623.53"
"20160722","312.9","315.2","307.38","307.92","28871.45"
"20160721","310.15","317.6","309","314.38","33009.49"
"20160720","308.62","310.87","307.5","308.56","17733.84"
"20160719","315.5","316.3","305.55","308.11","41431.66"
"20160718","317.5","319.5","315.66","316.21","23352.89"
"20160715","317.12","318.03","315.06","317.52","26811.01"
"20160714","316.09","320.8","315.2","317.09","29230.85"
"20160713","323.03","324.73","315.05","317.19","53448.28"
"20160712","315.76","326.6","315","324.73","53119.45"
"20160711","309.03","324","309.03","315.14","57481.67"
"20160708","313.53","315.5","306.16","309.91","45545.63"
"20160707","315.8","326.8","312.08","316.91","50725.2"
"20160706","299.8","318","299.01","317.19","47347.7"
"20160705","295.03","303.1","295.03","300.58","41707.73"
"20160704","287","295.4","286","293.9","29488.64"
"20160701","287.2","291.88","284","286.17","26014.95"
"20160630","290.02","298.2","290.02","291.92","38022.4"
"20160629","287.55","289.45","284.2","288.18","28147.6"
"20160628","287.02","289.66","286.32","288.21","24282.23"
"20160627","275","292.3","275","287.68","63642.69"
"20160624","275.28","277","267.2","273.77","20129.51"
"20160623","279.97","279.97","274.88","276.44","13984.51"
"20160622","273.77","279.36","272.77","278.44","20884.48"
"20160621","277.04","277.94","273","273.81","16749.33"
"20160620","279.77","279.86","274","276.11","19019.26"
"20160617","273.6","282.49","273.6","278.26","24705.18"
"20160616","274.86","277.8","273.78","274.02","19643.57"
"20160615","270.71","277.8","270.21","276.49","27322.01"
"20160614","267.71","273.8","267.71","272.75","25587.29"
"20160613","273.35","276.66","266.25","267.06","37775.06"
"20160608","276.4","277.86","273.5","274.28","23882.09"
"20160607","276.5","278.49","275.01","277.85","18753.53"
"20160606","282","283","275","276.05","37261.66"
"20160603","267","286.74","266.4","283.89","64798.13"
"20160602","263.01","268.68","263.01","267.74","24760.76"
"20160601","265.4","265.5","263","263.79","21876.69"
"20160531","256","266.62","255.2","264.47","53949.65"
"20160530","251.5","256.5","250","256.13","29806.92"
"20160527","252.72","254.69","251.38","252.44","13230.44"
"20160526","251.99","253.8","249.2","252.71","18120.26"
"20160525","254.48","254.94","251.01","251.86","17785.34"
"20160524","254.41","255.21","250.1","251.94","11674.4"
"20160523","249.72","254.99","249.72","254.2","18706.18"
"20160520","246.84","252.18","244.32","251.26","25501.57"
"20160519","245.16","248.5","244.5","245.77","20889.43"
"20160518","249.08","251.85","243.1","244.44","28380.34"
"20160517","251.01","252.4","249.83","250.03","11785.69"
"20160516","250.86","251.8","247.3","251.63","22202.73"
"20160513","255.98","258.9","250.5","250.96","28145.61"
"20160512","254.02","256.56","252","255.96","18894.11"
"20160511","252.35","260.48","252.35","256.87","49277.13"
"20160510","249.5","254","249.11","252.08","33505.89"
"20160509","250.13","252.8","249.01","250.82","27799.18"
"20160506","257.31","258.52","251.12","252.22","27173.69"
"20160505","256.5","258.15","255.5","257.77","13517.89"
"20160504","260","262.39","255.99","256.21","28636.26"
"20160503","250.55","262.28","250.55","260","56474.86"
"20160429","247.39","252.43","247.39","251.2","46079.49"
"20160428","245.83","246.74","244","246.44","17156.55"
"20160427","244.5","245.48","243.49","244.88","13915.1"
"20160426","244.95","246.88","243","243.86","15156.68"
"20160425","247.12","248.1","243.3","244.52","24990.28"
"20160422","241","247.88","240.37","247.4","35459.38"
"20160421","240.5","242.3","238.3","240.37","29672.22"
"20160420","243.19","244.4","235.8","238.44","33708.5"
"20160419","244.59","245.19","241.45","243.18","14236.68"
"20160418","242.8","246","242.5","243.68","18593.04"
"20160415","242.64","244.98","241.2","244.9","19029.26"
"20160414","242.38","244.83","241","242.76","28664.37"
"20160413","245.4","248.63","241.7","242.24","54274.25"
"20160412","243.7","245","242.1","244.92","23339.09"
"20160411","250.5","255.18","243.5","243.72","119284.68"
"20160408","252","255.89","248.2","249.86","23156.02"
"20160407","256.89","257.48","252.62","254.11","25536.39"
"20160406","245.8","257.6","245.8","257.21","48424.92"
"20160405","243","247.5","243","245.52","25047.85"
"20160401","248.95","250.49","244.54","245.09","25146.07"
"20160331","249.84","250.3","246.99","247.64","19457.34"
"20160330","249","250.4","245.48","248.66","27782.6"
"20160329","249.6","251","244.44","248.11","36688.05"
"20160328","244.98","253.38","244.98","249.58","48337.65"
"20160325","242.5","249.79","241.02","244.98","44756.16"
"20160324","235","245.4","231.3","242.66","62068.02"
"20160323","235.2","237","232.68","234.97","21412.06"
"20160322","232.26","238.18","231.5","234.49","41766.61"
"20160321","226.66","232.02","226.65","231.98","38547.45"
"20160318","232","232.26","225.78","226","70568.94"
"20160317","230","234.1","228.3","229.56","28820.95"
"20160316","230.22","232.5","225","228.61","24250.97"
"20160315","224.8","234.39","224.34","231.92","36356.33"
"20160314","230.76","233.5","222.2","224.57","45277.83"
"20160311","226.54","231.88","225.5","228.05","16320.08"
"20160310","228.99","233.7","228","228.06","25727.46"
"20160309","227","232.65","226.1","227.44","16402.6"
"20160308","233.3","233.3","227","229.21","26147.22"
"20160307","238.11","240","231.05","233.64","39345.55"
"20160304","226.88","240.16","225.01","238.78","85838.69"
"20160303","225","231.98","221.66","227.81","40193.28"
"20160302","219","225.5","218.67","224.22","47942.66"
"20160301","215.96","220.3","210.4","218.42","34004.59"
"20160229","218.99","220.88","206.8","214.91","47712.46"
"20160226","213.1","219.25","211.26","216.84","28332.71"
"20160225","218.8","220.48","212.13","212.41","39480.65"
"20160224","212.2","218.03","211.01","217.74","33129.02"
"20160223","207.77","214.98","207.02","212.41","37460.89"
"20160222","206","208.32","206","207.8","27759.86"
"20160219","201.62","203.18","201.13","203.11","14238.46"
"20160218","203.2","203.6","201.1","201.71","18892.56"
"20160217","203.74","204.92","200.51","202.3","20349.11"
"20160216","200.56","208","200.56","203.92","19223.16"
"20160215","200","203","199.6","200.41","19470.18"
"20160205","204.99","205.18","202.53","203.87","14227.67"
"20160204","204.8","205.88","203.54","204.99","16624.75"
"20160203","202.58","204.56","201.5","203.66","15156.99"
"20160202","202","204.8","200.64","204.55","17842.08"
"20160201","202.1","202.8","199.89","201.29","19178.02"
"20160129","197.48","202.5","197","200.65","23090.24"
"20160128","199.75","199.75","195.62","196.64","17903"
"20160127","199.98","200.89","195.7","199.93","29840.41"
"20160126","200.99","204.47","198.5","199.01","22280.92"
"20160125","203","203.49","201.5","202.77","13750.45"
"20160122","203.11","203.4","198.81","202.74","22733.48"
"20160121","201.26","204.59","199.9","200.26","21832.29"
"20160120","207","210.16","201.01","202.32","40968.66"
"20160119","201","210.33","200.01","210.24","59110.22"
"20160118","198","202.4","197.2","199.43","27371.23"
"20160115","204.75","206.18","198","199","26681.19"
"20160114","197.11","205.98","195.51","204.82","34776.06"
"20160113","199.1","206","198.6","199.78","29201.98"
"20160112","201.1","202.1","196","196.79","40287.23"
"20160111","203.16","203.79","199.4","199.86","29702.58"
"20160108","204.17","208","200","204.63","44510.09"
"20160107","208.99","208.99","200.03","202.23","8148.68"
"20160106","212.78","213.66","209.3","212.18","23760.9"
"20160105","210","213.97","207.51","212.82","31908.91"
"20160104","218","218","209.99","210.02","17349.69"
"20151231","218.22","219.5","217.82","218.19","19673.87"
"20151230","220.18","220.66","217.52","218.86","20147.66"
"20151229","218.62","220.44","218.51","219.83","15774.33"
"20151228","225.48","226","219","219.12","25594.52"
"20151225","225","225.66","222.88","224.5","11542.95"
"20151224","223.98","225.68","223.2","224.78","15577.88"
"20151223","225.45","226.69","222.7","223","22374.97"
"20151222","226.8","226.8","223.28","225.03","28402.45"
"20151221","218","229.18","218","227.03","59391.89"
"20151218","215.5","219.15","215.11","216.88","28460.2"
"20151217","214.39","216.88","214","215.86","24253.21"
"20151216","214.41","214.64","212.59","213.91","20144.8"
"20151215","213.8","214.59","212.08","214.51","15088.39"
"20151214","210.19","214.88","209","214.1","20701.34"
"20151211","212.5","212.5","210.5","211.41","13035.48"
"20151210","215","216.2","211.99","212.96","13786.71"
"20151209","211.58","215.05","211.5","214.47","14119.77"
"20151208","214.55","214.55","211.46","211.94","17393.68"
"20151207","215","216.98","213.2","214.51","19255.09"
"20151204","219.96","219.96","215.01","215.31","20848.71"
"20151203","219","221.4","216.7","220.2","22386.83"
"20151202","214.48","227","212","221.58","47891.45"
"20151201","213","213.95","211","213.8","18877.54"
"20151130","208.04","214.78","207.79","214.31","33440.03"
"20151127","212.49","212.54","206.63","207.74","16220.72"
"20151126","213.49","213.79","211.83","212.84","18804.53"
"20151125","211.7","213","210.4","212.98","24249.81"
"20151124","212.39","213.28","210","211.69","20469.02"
"20151123","213","213.84","212.51","212.62","20994.73"
"20151120","215.14","215.78","213.1","213.72","22274.23"
"20151119","214","216","213.9","215.03","15262.76"
"20151118","213.59","216","213.59","214.66","19725.54"
"20151117","214.72","217.5","213.14","214.36","21986.35"
"20151116","212.5","216.5","212","213.78","23916.7"
"20151113","218.1","219.5","214.83","215.11","28397.18"
"20151112","220.23","223","219.38","220.01","16180.85"
"20151111","222.01","223","218.6","220.15","23815.5"
"20151110","220","224.12","219.16","222.38","28729.76"
"20151109","222","224.66","219","220.83","40527.29"
"20151106","217.35","218.6","215.56","218.42","21695.71"
"20151105","214.6","223.28","213.5","216.56","49982.58"
"20151104","210.58","216","210.11","214.98","30809.72"
"20151103","212.92","215.76","208.4","209.71","23173.29"
"20151102","214.6","215.86","212.5","212.56","15298.2"
"20151030","212.95","215.8","212.12","213.86","12257.91"
"20151029","212","214.79","212","213","13454.35"
"20151028","214.99","214.99","211.9","212.44","16559.22"
"20151027","217.1","217.68","212.58","215.25","22572.79"
"20151026","212","218.3","208","217.73","43346.26"
"20151023","205.8","217.6","205.55","210.98","56277.34"
"20151022","200.24","202.73","199.43","202.53","23720.3"
"20151021","202.08","202.55","197.01","200.31","22349.14"
"20151020","202.02","202.88","201.18","201.97","14784.29"
"20151019","204.94","204.94","201.9","202.72","26121.45"
"20151016","201.22","202.4","199.41","200.74","19238.43"
"20151015","198.16","200.37","197.56","199.99","16550.13"
"20151014","198.98","199.5","197.01","197.83","15213.39"
"20151013","198.09","200.09","198.09","198.74","15751.13"
"20151012","199","204.49","197.85","198.09","49030"
"20151009","198.78","198.9","196.5","196.95","15721.74"
"20151008","198.78","201.58","197","197.52","34391.79"
"20150930","190.23","191.48","190.17","190.31","11634.63"
"20150929","189.55","191.37","188.3","190.17","18409.82"
"20150928","191.48","192.3","189.23","191.38","12341.1"
"20150925","193.99","194.9","189.5","193.46","24455.97"
"20150924","195.8","196.28","192.8","194","13886.74"
"20150923","197.15","198.99","194.1","194.72","22344.32"
"20150922","200.77","201.18","198.98","199.27","16457.4"
"20150921","198.01","200.7","198","199.3","16527.67"
"20150918","198.6","200.89","198","199.43","15642.76"
"20150917","202.6","205.8","197.61","198","26423"
"20150916","200.01","209.54","197.73","204.55","37198.02"
"20150915","198.01","202.02","195.12","202","51884.34"
"20150914","192.43","202.8","187.9","202.53","86175.55"
"20150911","191.88","194.1","191.05","192.91","16932.14"
"20150910","190.38","193.3","189.14","193.21","26852.48"
"20150909","190.14","193.87","190.14","191.86","35215.16"
"20150908","188.46","190.47","185","189.32","33098.58"
"20150907","192.6","194","188.65","188.71","32216.42"
"20150902","190.11","195","189.2","194.61","106945.46"
"20150901","191.82","195","188","194.37","87432.69"
"20150831","189.34","195.5","185.18","195.37","62730.19"
"20150828","195","195.29","187.13","192.65","89925.83"
"20150827","190","199.9","184.89","197.07","87052.01"
"20150826","176.76","188.5","175","183.88","91572.53"
"20150825","167.46","182.51","166.2","176.59","123080.58"
"20150824","181","181.5","168.2","169.64","89812.84"
"20150821","191.52","194.86","186.12","186.33","75620.61"
"20150820","200.83","201","194.9","195.07","39645.03"
"20150819","199.75","202.16","198.18","201.62","50261.8"
"20150818","206.98","207.5","200.35","201.06","51285.52"
"20150817","208.02","208.82","204","206.22","53858.32"
"20150814","210.5","211.4","209.25","209.98","30666.9"
"20150813","211.5","211.5","206","209.51","35180.25"
"20150812","209.99","214.29","208.75","209.47","45824.34"
"20150811","212.3","212.41","210.01","210.75","50897.05"
"20150810","207.01","213","205.13","212.3","56496.43"
"20150807","207.49","208.6","205.6","206.93","39521.34"
"20150806","206.23","207.5","203","204.96","39249.8"
"20150805","212.93","213.85","206.94","207.19","43143.85"
"20150804","209.26","213.98","209.26","211.97","59533.96"
"20150803","205","209.99","203","209.56","54553.03"
"20150731","206.7","206.93","203","206.83","40736.64"
"20150730","208.83","208.83","205.1","205.96","41134"
"20150729","207.78","210","202.13","207.74","66507.43"
"20150728","199.86","209.44","197.48","205.83","86703.57"
"20150727","217","221.3","201","201.52","76944.15"
"20150724","220.5","223.69","218.75","219.21","57390.09"
"20150723","217.99","220.6","215.77","219.54","64748.1"
"20150722","220","222","216.58","217.13","70855.1"
"20150721","221.75","224.2","220","221.66","51789.96"
"20150720","227.15","227.9","222.5","225.11","67933.55"
"20150717","229","229.99","224.74","228.29","56418.53"
"20150716","251.26","254.18","248.26","251.59","72814.33"
"20150715","247.5","252.7","243.28","251.26","104077.46"
"20150714","255","255.18","247.2","249.05","96768.3"
"20150713","258","265.58","251","257.75","148926.16"
"20150710","257","283","251.96","265.59","256149.3"
"20150709","236.86","260.41","233","257.94","138203.34"
"20150708","229","244.99","219.76","236.86","289140.54"
"20150707","250","256.58","239.5","244.18","167562.24"
"20150706","267.95","267.99","239.5","254.04","272799.66"
"20150703","255","260.5","242.2","249.81","109605.31"
"20150702","255.3","282.6","245.01","260.3","118459.72"
"20150701","255","268.5","250.98","257.49","103326.54"
"20150630","246.64","259.82","246","257.65","126298.19"
"20150629","248.37","256.5","227.8","246.64","165071.67"
"20150626","250.02","255.75","235.3","242.45","99332.01"
"20150625","261.5","262.03","250.21","251.79","66521.66"
"20150624","250","265.2","247.65","261.21","95706.94"
"20150623","239.8","255.85","234.13","252.25","81247.34"
"20150619","245.87","248.49","234.02","235.31","67608.66"
"20150618","253.02","254.8","240.6","243.97","61506.5"
"20150617","253.96","257.76","249","255.09","58388.81"
"20150616","259","265.8","252.5","253.95","69303.84"
"20150615","266.98","272","260.08","260.89","100014.22"
"20150612","262.12","273","261","266","90909.52"
"20150611","260","264.5","257.77","260.06","52954.54"
"20150610","255.64","266.88","253.8","261.05","80462.08"
"20150609","265","269.8","256.5","259.03","77851.86"
"20150608","251.51","267.54","249.8","264.64","96007.97"
"20150605","258.11","262.1","246","253.84","85738.23"
"20150604","262.98","265","240","258.21","92362.73"
"20150603","265.18","266.62","260.01","262.79","46424.03"
"20150602","270.5","270.5","260.66","266.62","64635.6"
"20150601","263.94","272.98","259.8","271.46","65816.7"
"20150529","260.01","269","259.89","263.83","57783.09"
"20150528","275.25","281","260.1","261.11","60884.99"
"20150527","285.52","289.32","273","276.9","46934.79"
"20150526","286.6","290","283.96","285.54","60914.68"
"20150525","270","288.49","269","286.83","67473.62"
"20150522","259.68","276.8","259.59","275.86","66649.06"
"20150521","256","261.3","254.01","258.59","47669.13"
"20150520","252","260","249.3","253.95","63771.5"
"20150519","241.05","250.22","240.2","250.04","47637.77"
"20150518","245","245","240.1","241.14","35363.24"
"20150515","251.41","253.49","241.61","245.17","54185.07"
"20150514","256.25","259.5","251.22","251.41","41853.29"
"20150513","253.8","262.97","252.5","256.4","58913.41"
"20150512","257.2","257.2","252","254.42","47031.29"
"20150511","251.5","257.99","250","257.44","61345.7"
"20150508","246.12","254.88","245.9","254.17","57805.59"
"20150507","245","251.88","242.56","244.93","68102.9"
"20150506","243.98","246.99","240.01","242.68","60324.32"
"20150505","252","252","239.88","240.95","73700.03"
"20150504","252.66","259","250.02","254.97","54739.02"
"20150430","251.15","254.9","247.75","252.23","64064.07"
"20150429","246.1","253","246.1","249.78","59300.57"
"20150428","254","258.6","247.05","247.89","87291.77"
"20150427","257.58","267.8","252.99","255.79","78973.35"
"20150424","251.88","259.68","245.01","258.49","100531.23"
"20150423","264","264.17","252.98","256.04","86030.12"
"20150422","268.8","269","257.11","263.89","134635.06"
"20150421","240","257.43","240","257.43","122401.88"
"20150420","230","245.7","229","234.03","130588.71"
"20150417","238.9","248.7","228.28","232.56","192094.91"
"20150416","208.55","226.27","207.83","226.27","86014.17"
"20150415","209.1","209.78","204.16","205.7","55005.2"
"20150414","204","209.28","203.96","206","81903.13"
"20150413","201.55","204.49","198.94","203.9","91356.09"
"20150410","199.99","202.99","199.61","200.22","102019.46"
"20150409","204.48","205.88","199.05","200","62399.73"
"20150408","202.5","210.68","201.59","204.5","135857.16"
"20150407","196.85","201.08","195.8","200.67","59824.33"
"20150403","194","197.01","192.78","196.81","51210.88"
"20150402","195.96","197.6","192.88","194.58","62981.61"
"20150401","196.03","197.56","194.48","195.34","76875.23"
"20150331","196.68","200.77","194.02","195.96","88130.97"
"20150330","194.68","198.95","193.1","196.77","63451.39"
"20150327","198","198.56","192.95","194.55","40144.59"
"20150326","193.55","199.9","192","198.56","67105.25"
"20150325","193","195.1","192.06","192.78","42240.3"
"20150324","195.3","197.44","192.1","195.69","60079.44"
"20150323","194.67","196.75","193.2","195.08","40979.01"
"20150320","194.2","194.99","190.88","193.15","51373.71"
"20150319","198.54","198.99","194.06","195.28","33539.77"
"20150318","196.8","199.99","195.52","199.45","39304.46"
"20150317","194.99","198.69","194.89","196.77","45904.08"
"20150316","190.06","194.5","187.01","193.76","31160.97"
"20150313","192.7","193.9","188.58","189.91","25479.27"
"20150312","193","195.99","191.4","192.75","38496.4"
"20150311","187.83","193","187.8","191.98","40583.39"
"20150310","190.94","191.5","187.28","187.83","29637.06"
"20150309","185.8","192.99","183.8","191.56","43486.03"
"20150306","185.35","186.48","183.27","183.62","25470.66"
"20150305","185.01","187.03","184.05","185.52","36206.24"
"20150304","186.99","188.01","184.6","187.19","40662.23"
"20150303","189.3","192","185.16","185.95","42999.6"
"20150302","190.8","193.8","189","190.73","31098.7"
"20150227","186.9","194.5","186.8","191.05","63370.94"
"20150226","183.8","188.39","183.55","186.64","62297.72"
"20150225","183","185.7","181.11","183.96","59935.12"
"20150217","183.55","183.89","181.91","182.22","34172.55"
"20150216","182.54","183.63","181.22","183.31","39521.08"
"20150213","184.11","184.5","181.4","182.49","40127.05"
"20150212","183.99","184.49","182.01","183.57","25050.98"
"20150211","182.4","184.25","182.08","183.15","22894.79"
"20150210","184.8","185.2","181.45","182.88","53638.87"
"20150209","175.77","185.1","175","184.3","87293.58"
"20150206","174.64","176.5","173.6","174.6","37102.38"
"20150205","178.97","180.9","174","174.05","41239.62"
"20150204","179.15","182.08","177","177.25","35293.71"
"20150203","177.48","178.65","176.2","178.37","27792.8"
"20150202","175.51","176.4","173.5","174.82","33983.36"
"20150130","176.99","181","176.5","177.18","47508.34"
"20150129","176.2","178","175","176.15","32492.54"
"20150128","179","180.4","177.3","177.47","30680.66"
"20150127","182.82","182.82","178","180.11","41883.62"
"20150126","181.7","183.5","181.05","182.8","35649.06"
"20150123","180.12","183.28","180.11","181.02","33084.55"
"20150122","182.37","184.36","180","181.23","38254.81"
"20150121","178.27","182.9","177.2","182.36","52674.74"
"20150120","176.02","180.5","173","178.08","61022.74"
"20150119","181","183.2","171.47","175.48","64679.37"
"20150116","186.2","188","185.98","186.11","39978.06"
"20150115","183.89","186.4","182.48","186.07","48585.52"
"20150114","185","186.5","180.88","183.18","52403.44"
"20150113","187","188.54","184.6","184.88","36708.08"
"20150112","190","192.59","184.46","186.43","49914.59"
"20150109","190.4","195.77","190.11","190.31","53982.2"
"20150108","194","194.52","190.14","191.76","40525.3"
"20150107","196.04","199.5","189.99","192.94","54797.84"
"20150106","200","202.56","196.02","197.83","55020.01"
"20150105","189.62","204.24","188.69","202.52","94515.17"
"20141231","185.6","190","185","189.62","46269.36"
"20141230","183","187.98","182.48","186.84","56171.1"
"20141229","188.1","190","182","183.48","89838.65"
"20141226","185.09","189","183","187.57","42677.49"
"20141225","183.15","186","181.01","185.83","44071.68"
"20141224","188","191.8","180.68","183.06","63554.59"
"20141223","183.78","193.49","182.01","188.86","85650.82"
"20141222","179.65","184.29","175.88","184.1","73623.81"
"20141219","179.06","181.98","178","180.82","49631.06"
"20141218","179.69","182.2","179","179.34","38567.5"
"20141217","179.99","181.45","177.8","179.07","60020.47"
"20141216","183.7","183.7","178.11","180.63","51129.44"
"20141215","176.6","184.1","175.43","184.04","70964.32"
"20141212","176.78","180.99","176","176.59","51055.16"
"20141211","180","181.94","175.29","175.89","54882.15"
"20141210","175","183.5","175","179.92","106656.11"
"20141209","172","186.62","171.5","172.86","151890.28"
"20141208","168.84","176.49","167.2","172.97","100894.31"
"20141205","177.99","178.96","168.6","170.92","112901.44"
"20141204","166.5","174.5","166.5","174.13","117781.43"
"20141203","162.44","168.3","162.36","164.83","117322.64"
"20141202","159.05","161.2","158.25","161.14","99268.19"
"20141201","156.57","161","156","160.06","121740.01"
"20141128","156.57","156.57","153.17","155.84","88288.18"
"20141127","155","157.22","154","156.68","96551.51"
"20141126","154.6","156.36","153.89","155.95","63858.97"
"20141125","153.42","154.85","152.8","154.64","53231.3"
"20141124","153.88","155","152","153.95","53878.99"
"20141121","150.56","153.2","150.2","153.13","41990.78"
"20141120","152.88","152.92","150.49","150.68","46258.41"
"20141119","155.57","155.65","152.61","153.07","46290.74"
"20141118","161","161.82","155","155.65","63497.8"
"20141117","168","168","160","160.05","150416.23"
"20141114","151.56","157.63","150.91","157.29","75225.08"
"20141113","152.72","152.73","149.68","151.58","49155.56"
"20141112","152.98","153.59","150.2","152.89","30823.75"
"20141111","154.3","155.2","152.01","153.35","47706.89"
"20141110","150","153.78","149","153.77","62325.21"
"20141107","147.17","148.3","147.11","148.04","41507.31"
"20141106","146.15","147.49","146.01","147.15","36362.97"
"20141105","151.05","151.05","145.5","146.15","76719.79"
"20141104","155.49","155.49","151","151.39","55943.9"
"20141103","156.75","156.88","155.45","155.58","24670.06"
"20141031","155.47","156.9","154.35","156.68","36421.7"
"20141030","158","158","155.1","155.42","49087.02"
"20141029","158.8","159.56","157.48","158.3","21423.44"
"20141028","157.32","159.1","157.18","158.74","20548.41"
"20141027","156.97","159.1","154.89","157.5","27970.69"
"20141024","158.95","159.89","157.69","158.88","19980.07"
"20141023","158.57","160.28","157.89","159.05","31917.34"
"20141022","158.44","159.46","157.5","159.08","22836.41"
"20141021","157","159.34","156.6","158.46","39911.28"
"20141020","158.38","158.5","156.4","156.92","32910.08"
"20141017","158","159.05","156.9","158.38","30976.59"
"20141016","156.1","158.19","156.1","157.32","23949.69"
"20141015","154.75","157.58","154.71","157.32","22238.05"
"20141014","155","156.99","154.44","154.91","28895.94"
"20141013","157.81","157.88","153.68","156.1","53176.38"
"20141010","159.02","159.8","157.7","159.02","43147.71"
"20141009","159.87","160.25","158.58","160.01","36244.91"
"20141008","161","161.1","157.8","160.73","45652.82"
"20140930","162.74","162.99","161.2","162.13","21574.19"
"20140929","162.33","163.2","161.39","162.47","23488.59"
"20140926","161.5","163.12","159.2","162.31","22716.65"
"20140925","160.92","163.98","160.9","162.19","56851.44"
"20140924","156.49","160.5","155.6","160.19","43448.96"
"20140923","156.7","157.5","156.36","157.48","34546.11"
"20140922","160.71","160.71","156.84","156.94","37191.54"
"20140919","159.25","160.98","158.5","160.85","22665.99"
"20140918","158.02","159.38","157.08","159.25","26482.04"
"20140917","158.47","159.54","157.34","158.23","25841.28"
"20140916","160.5","160.6","157.02","157.46","34823.15"
"20140915","161.9","161.91","158.8","159.41","32543.86"
"20140912","161.49","162.65","160.32","162.45","17356.01"
"20140911","163.87","164.82","161.48","161.98","31875.54"
"20140910","163.7","165","163.01","163.91","17867.72"
"20140909","167.65","167.97","164","164.08","20562.81"
"20140905","165.7","168.16","165.21","167.51","34731.95"
"20140904","164.7","165.94","163.68","165.06","23975.87"
"20140903","162.58","167.42","162.56","164.82","42042.25"
"20140902","158.81","162.64","158.03","162.56","41246.13"
"20140901","158.2","159.5","157.71","158.45","16450.24"
"20140829","156","158.59","155","158.23","23838.83"
"20140828","156","158.36","156","156.02","17618.03"
"20140827","157.72","157.78","156.18","156.37","13828.67"
"20140826","158.5","159.42","156.96","157.72","16589.6"
"20140825","159.27","160.15","158.3","158.75","15376.72"
"20140822","160","160.39","158.75","159.27","18636.71"
"20140821","162","162.32","159","159.97","18872.73"
"20140820","158.74","162.06","158.5","162","37084.95"
"20140819","159.75","159.75","158.45","158.68","32095.77"
"20140818","162","162.3","159.1","159.75","41698.27"
"20140815","162.2","162.49","161.13","161.54","21802.68"
"20140814","162.02","163.44","161.28","161.46","22958.94"
"20140813","162.04","164.78","160.8","162.49","34454.03"
"20140812","161.81","162.75","160.15","162.04","19604.36"
"20140811","162.48","163.2","161.51","163.07","20070.72"
"20140808","161.96","163.33","159.8","162.14","23819.42"
"20140807","163.1","164.39","160.5","160.6","25396.49"
"20140806","164.8","165.78","162","163.32","20317.23"
"20140805","164","166.66","161.67","166.25","38357.97"
"20140804","163","165.62","162.29","164.4","38848.2"
"20140801","160.17","164.3","159.62","162.98","43259.99"
"20140731","158.29","160.38","156.96","160.27","25206.31"
"20140730","160.74","160.74","156.5","158.51","54876.29"
"20140729","164.3","164.3","160.26","161.06","36017"
"20140728","164.23","167.99","162.92","164.25","42968.99"
"20140725","164","166.05","161.06","163.88","27833.58"
"20140724","163.76","169.1","162.3","163.53","35682.4"
"20140723","162","165","161.6","163.89","27836.33"
"20140722","159.6","164","159.6","163.2","29820.62"
"20140721","160.39","162.88","158.59","160.98","30143.22"
"20140718","153.59","165","152.7","160.98","74896.91"
"20140717","154.09","155.55","152","153.75","20191.17"
"20140716","153.85","156.78","153.85","154.57","24459.33"
"20140715","149.11","158","149.11","153.81","58787.98"
"20140714","141.87","150.89","141.5","149.77","46534.81"
"20140711","141.47","143.09","141.12","141.87","18432.86"
"20140710","141.12","141.83","140.6","141.04","12159.88"
"20140709","142","142.87","141.02","141.24","14328.6"
"20140708","144.1","144.17","141.02","142.18","21091.6"
"20140707","142.8","144.28","142.21","144.16","22879.87"
"20140704","143.4","144.18","142.72","143.32","15402.8"
"20140703","142.21","143.4","141.4","143.26","19331.67"
"20140702","142.03","142.35","141","142.08","12068.48"
"20140701","142.59","142.59","140.8","141.77","11946.68"
"20140630","141.18","142.89","140.4","141.98","24399.5"
"20140627","141.42","141.42","139.22","140.38","26477.92"
"20140626","142.23","142.98","141.41","141.64","36348.51"
"20140625","145.33","145.33","141.5","142.23","38171.11"
"20140624","156.62","163.8","156.55","163.57","38532.63"
"20140623","153.5","156.38","153.36","156.31","28983.85"
"20140620","152.7","153.6","152.32","153.18","12019.4"
"20140619","153.56","154.2","152.5","152.73","11551.44"
"20140618","153.8","154.45","153.4","153.58","14024.56"
"20140617","154.3","154.3","152.2","153.19","16364.86"
"20140616","152.9","154.78","152.4","154.42","16237.9"
"20140613","152.69","153.83","151.16","152.81","16970.46"
"20140612","154.07","154.07","152.12","152.63","11499.6"
"20140611","154.75","155.38","153.21","153.94","10781.45"
"20140610","153.25","155.29","153.25","154.8","19305.51"
"20140609","152.3","154.4","152.3","153.23","10034.81"
"20140606","154.68","155.65","152.29","153.59","9477.45"
"20140605","151.12","155","149.33","154.77","20678.63"
"20140604","152.99","153.38","150.02","151.15","10494.31"
"20140603","153","154.5","152.25","152.77","13048.48"
"20140530","154.25","155.28","153.02","153.22","9217.65"
"20140529","153.73","155.93","153.46","154.29","10106.82"
"20140528","152.89","155","152.8","153.94","12501.97"
"20140527","153","155.75","152.86","153.2","13035.07"
"20140526","154.9","154.9","152.85","153.57","8910.56"
"20140523","150","152.78","149.98","152.3","14009.63"
"20140522","150.9","153.6","149.65","150.05","18678.94"
"20140521","144.1","151.66","143.95","151","38737.87"
"20140520","148.1","149.44","143.6","144.98","46885.91"
"20140519","152.5","153","147.94","147.98","56250.09"
"20140516","156.15","157.1","154.67","155.16","18467.3"
"20140515","154.98","157.08","154.5","156.15","16983.38"
"20140514","159.99","160.93","154.01","155.27","34016.55"
"20140513","160.77","161.61","159.56","160.74","15939.36"
"20140512","162.29","162.3","159.5","160.91","26194.78"
"20140509","160.66","162.3","160.3","160.62","16721.45"
"20140508","160.8","162.49","160.42","160.67","14697.86"
"20140507","161.61","161.61","159.6","160.66","11960.73"
"20140506","160","162.7","160","160.79","13622.95"
"20140505","163.5","163.5","157.08","160.25","36743.47"
"20140430","163.95","164.29","162.53","163.88","19220.66"
"20140429","162.8","165.48","162.47","163.59","27996.49"
"20140428","162.08","164.56","159.81","162.79","33028.6"
"20140425","167.98","168","161.79","164.69","95877.43"
"20140424","176.15","176.71","173.7","175.76","12581.35"
"20140423","172.08","176.49","172.03","176.06","33755.73"
"20140422","172","175.13","171.52","172.13","22344.96"
"20140421","174.01","175.98","172","172.05","18333.79"
"20140418","175","177.77","173.3","175.31","19601.46"
"20140417","170.8","176","170.21","175.2","29744.41"
"20140416","173.7","174.56","170.19","171.02","22040.62"
"20140415","173.2","175.87","173.2","174.49","25880.21"
"20140414","174.7","177.31","173","174.36","26824.36"
"20140411","172","179.6","172","176.08","90225.79"
"20140410","163.27","171.02","159.5","169.51","54177.87"
"20140409","165.02","166.63","162.13","163.35","21618.89"
"20140408","163.92","165.42","161.01","164.54","25927.49"
"20140404","164.65","165.3","161","164.06","23206.51"
"20140403","167.56","167.69","163.5","165.31","26918.48"
"20140402","162.74","169.66","161.03","165.64","46698.33"
"20140401","154.71","162.55","154.4","162.49","34046.89"
"20140331","152.01","157.38","152","154.7","30583.6"
"20140328","157.82","158.99","151.01","152.64","48272.96"
"20140327","157.66","160.8","156.4","157.66","38044.59"
"20140326","165.1","166.11","158.36","158.49","57376.39"
"20140325","168.4","168.4","155.59","166.81","62403.83"
"20140324","171","175.73","169.9","171.29","26320.92"
"20140321","168.44","171.98","165.5","171.4","40318.81"
"20140320","174.3","174.5","169","169.18","33895.21"
"20140319","169.9","175","169","174.37","35365.79"
"20140318","168.3","176.2","168.3","171.32","59473.71"
"20140317","165","166.66","162.01","166.47","32198.88"
"20140314","164.06","166","161.8","163.87","24933.55"
"20140313","157.6","165.1","157.11","164.87","42637.78"
"20140312","161.08","163.6","155.78","158.53","36763.92"
"20140311","156","163.6","155.1","162.18","38561.41"
"20140310","164.8","165.8","154.03","156.94","49985.48"
"20140307","162","167.2","160.04","165.49","58110.48"
"20140306","160.21","162.3","157","162","42741.21"
"20140305","154.03","159.99","152","159.84","47211.54"
"20140304","152.12","159.29","152","153.4","50866.76"
"20140303","150","154.99","148.33","154.93","48816.65"
"20140228","145","150.8","144.95","150.02","41926.17"
"20140227","142.15","145.79","140.02","144.95","25646.11"
"20140226","140.56","144.98","139.05","142.03","26513.94"
"20140225","148","148.4","141","142.37","46279.93"
"20140224","149.1","151.08","145.61","147.62","31178.65"
"20140221","148","150.15","147.78","149.08","34125.4"
"20140220","149.5","151.58","148","148.99","23188.97"
"20140219","147.05","151.98","147.05","149.53","31482.66"
"20140218","149.44","149.44","146.12","147.01","33640.35"
"20140217","144.1","150.99","144.1","149.98","87465.17"
"20140214","135.39","143","135.39","142.9","67410.37"
"20140213","134.03","138.39","134.01","135.67","38567.47"
"20140212","134.2","134.97","133.31","134.15","19283.48"
"20140211","132.8","135.58","132.1","134.04","43006.94"
"20140210","134","134.4","130.86","132.86","36251.74"
"20140207","132.06","134.62","131.06","133.89","23865.61"
"20140130","136.5","136.95","131","132.2","37223.44"
"20140129","139.78","141.06","136.49","137.01","31520.4"
"20140128","140.51","142","137.5","139.22","36401.15"
"20140127","134.89","143.78","134.66","140.75","83510.84"
"20140124","133.5","135.69","132.51","135.5","35780.7"
"20140123","134.18","135.4","131.76","134.09","40258.48"
"20140122","126.98","134.81","126.3","134.17","73667.81"
"20140121","126","128.71","125.35","126.99","35404.62"
"20140120","121.9","127.3","121.02","126.79","60090.63"
"20140117","121.8","122.65","120.12","120.3","32363.73"
"20140116","118.85","122.45","118.74","121.99","39119.63"
"20140115","120.51","121.15","118.05","118.76","19720.69"
"20140114","120.2","121.79","118.9","121.31","23474.99"
"20140113","119.3","122.32","119.08","119.89","37646.46"
"20140110","119.01","120.43","118.05","119.27","21126.63"
"20140109","119","121.8","118.6","119.34","47886.71"
"20140108","120.49","121.18","118.01","119.4","31989.59"
"20140107","120.11","121.35","119.2","120.56","18039.46"
"20140106","122.88","124.9","120.7","120.73","30229.21"
"20140103","125.25","125.8","123.23","123.98","23341.65"
"20140102","127.99","127.99","125.6","125.98","21976.66"